/home/nunesrjr/Projects/rrm/alto/src/assets/30-years-in-business.png,/home/nunesrjr/Projects/rrm/alto/src/assets/30-years-in-business-alto flight academy-oklahoma-pilot-training.png,/src/assets/30-years-in-business.png,/src/assets/30-years-in-business-alto flight academy-oklahoma-pilot-training.png,OK
/home/nunesrjr/Projects/rrm/alto/src/assets/Alto-Flight-Academy-FAA-regulations.png,/home/nunesrjr/Projects/rrm/alto/src/assets/alto-flight-academy-faa-regulations-alto flight academy-oklahoma-flight-training.png,/src/assets/Alto-Flight-Academy-FAA-regulations.png,/src/assets/alto-flight-academy-faa-regulations-alto flight academy-oklahoma-flight-training.png,OK
/home/nunesrjr/Projects/rrm/alto/src/assets/Alto-flight-academy_KHSD_airport.webp,/home/nunesrjr/Projects/rrm/alto/src/assets/alto-flight-academy_khsd_airport-alto flight academy-oklahoma city-become-a-pilot.webp,/src/assets/Alto-flight-academy_KHSD_airport.webp,/src/assets/alto-flight-academy_khsd_airport-alto flight academy-oklahoma city-become-a-pilot.webp,OK
/home/nunesrjr/Projects/rrm/alto/src/assets/CFI-showing-airplane-model-to-interested-student-pilot.jpg,/home/nunesrjr/Projects/rrm/alto/src/assets/cfi-showing-airplane-model-to-interested-student-pilot-alto flight academy-oklahoma-certified-flight-instructor.jpg,/src/assets/CFI-showing-airplane-model-to-interested-student-pilot.jpg,/src/assets/cfi-showing-airplane-model-to-interested-student-pilot-alto flight academy-oklahoma-certified-flight-instructor.jpg,OK
/home/nunesrjr/Projects/rrm/alto/src/assets/IFR-chart-oklahoma-city-kokc-will-rogers-world.png,/home/nunesrjr/Projects/rrm/alto/src/assets/ifr-chart-city-kokc-will-rogers-world-alto flight academy-oklahoma city-flight-training.png,/src/assets/IFR-chart-oklahoma-city-kokc-will-rogers-world.png,/src/assets/ifr-chart-city-kokc-will-rogers-world-alto flight academy-oklahoma city-flight-training.png,OK
/home/nunesrjr/Projects/rrm/alto/src/assets/N225P-side.jpg,/home/nunesrjr/Projects/rrm/alto/src/assets/n225p-side-alto flight academy-oklahoma-become-a-pilot.jpg,/src/assets/N225P-side.jpg,/src/assets/n225p-side-alto flight academy-oklahoma-become-a-pilot.jpg,OK
/home/nunesrjr/Projects/rrm/alto/src/assets/N225P.jpg,/home/nunesrjr/Projects/rrm/alto/src/assets/n225p-alto flight academy-oklahoma city-certified-flight-instructor.jpg,/src/assets/N225P.jpg,/src/assets/n225p-alto flight academy-oklahoma city-certified-flight-instructor.jpg,OK
/home/nunesrjr/Projects/rrm/alto/src/assets/N553HC.jpg,/home/nunesrjr/Projects/rrm/alto/src/assets/n553hc-alto flight academy-oklahoma city-certified-flight-instructor.jpg,/src/assets/N553HC.jpg,/src/assets/n553hc-alto flight academy-oklahoma city-certified-flight-instructor.jpg,OK
/home/nunesrjr/Projects/rrm/alto/src/assets/N6137Q-side.png,/home/nunesrjr/Projects/rrm/alto/src/assets/n6137q-side-alto flight academy-oklahoma-private-pilot.png,/src/assets/N6137Q-side.png,/src/assets/n6137q-side-alto flight academy-oklahoma-private-pilot.png,OK
/home/nunesrjr/Projects/rrm/alto/src/assets/N6137Q.png,/home/nunesrjr/Projects/rrm/alto/src/assets/n6137q-alto flight academy-oklahoma city-certified-flight-instructor.png,/src/assets/N6137Q.png,/src/assets/n6137q-alto flight academy-oklahoma city-certified-flight-instructor.png,OK
/home/nunesrjr/Projects/rrm/alto/src/assets/N6190C-cessna.png,/home/nunesrjr/Projects/rrm/alto/src/assets/n6190c-cessna-alto flight academy-oklahoma city-commercial-pilot.png,/src/assets/N6190C-cessna.png,/src/assets/n6190c-cessna-alto flight academy-oklahoma city-commercial-pilot.png,OK
/home/nunesrjr/Projects/rrm/alto/src/assets/N664JB.jpg,/home/nunesrjr/Projects/rrm/alto/src/assets/n664jb-alto flight academy-oklahoma city-become-a-pilot.jpg,/src/assets/N664JB.jpg,/src/assets/n664jb-alto flight academy-oklahoma city-become-a-pilot.jpg,OK
/home/nunesrjr/Projects/rrm/alto/src/assets/N67797-cessna-flying-over-sundance-airport.jpg,/home/nunesrjr/Projects/rrm/alto/src/assets/n67797-cessna-flying-over-sundance-airport-alto flight academy-oklahoma city-commercial-pilot.jpg,/src/assets/N67797-cessna-flying-over-sundance-airport.jpg,/src/assets/n67797-cessna-flying-over-sundance-airport-alto flight academy-oklahoma city-commercial-pilot.jpg,OK
/home/nunesrjr/Projects/rrm/alto/src/assets/N99VS.jpg,/home/nunesrjr/Projects/rrm/alto/src/assets/n99vs-alto flight academy-oklahoma city-certified-flight-instructor.jpg,/src/assets/N99VS.jpg,/src/assets/n99vs-alto flight academy-oklahoma city-certified-flight-instructor.jpg,OK
/home/nunesrjr/Projects/rrm/alto/src/assets/aero-commander-front.jpg,/home/nunesrjr/Projects/rrm/alto/src/assets/aero-commander-front-alto flight academy-oklahoma-commercial-pilot.jpg,/src/assets/aero-commander-front.jpg,/src/assets/aero-commander-front-alto flight academy-oklahoma-commercial-pilot.jpg,OK
/home/nunesrjr/Projects/rrm/alto/src/assets/aero-commander-side.jpg,/home/nunesrjr/Projects/rrm/alto/src/assets/aero-commander-side-alto flight academy-oklahoma city-multi-engine-rating.jpg,/src/assets/aero-commander-side.jpg,/src/assets/aero-commander-side-alto flight academy-oklahoma city-multi-engine-rating.jpg,OK
/home/nunesrjr/Projects/rrm/alto/src/assets/airliner-cockpit-in-bethany-oklahoma.jpg,/home/nunesrjr/Projects/rrm/alto/src/assets/airliner-cockpit-in-bethany-oklahoma-alto flight academy-oklahoma city-private-pilot.jpg,/src/assets/airliner-cockpit-in-bethany-oklahoma.jpg,/src/assets/airliner-cockpit-in-bethany-oklahoma-alto flight academy-oklahoma city-private-pilot.jpg,OK
/home/nunesrjr/Projects/rrm/alto/src/assets/alto-aircraft-airplane-fleet-on-grass-runway-airport.jpg,/home/nunesrjr/Projects/rrm/alto/src/assets/alto-aircraft-airplane-fleet-on-grass-runway-airport-alto flight academy-oklahoma city-flight-training.jpg,/src/assets/alto-aircraft-airplane-fleet-on-grass-runway-airport.jpg,/src/assets/alto-aircraft-airplane-fleet-on-grass-runway-airport-alto flight academy-oklahoma city-flight-training.jpg,OK
/home/nunesrjr/Projects/rrm/alto/src/assets/alto-community.jpg,/home/nunesrjr/Projects/rrm/alto/src/assets/alto-community-alto flight academy-oklahoma city-commercial-pilot.jpg,/src/assets/alto-community.jpg,/src/assets/alto-community-alto flight academy-oklahoma city-commercial-pilot.jpg,OK
/home/nunesrjr/Projects/rrm/alto/src/assets/alto-fleet-of-aircraft-at-sundance-airpark-KHSD-bethany-ok.jpg,/home/nunesrjr/Projects/rrm/alto/src/assets/alto-fleet-of-aircraft-at-sundance-airpark-khsd-bethany-ok-alto flight academy-oklahoma city-flight-school.jpg,/src/assets/alto-fleet-of-aircraft-at-sundance-airpark-KHSD-bethany-ok.jpg,/src/assets/alto-fleet-of-aircraft-at-sundance-airpark-khsd-bethany-ok-alto flight academy-oklahoma city-flight-school.jpg,OK
/home/nunesrjr/Projects/rrm/alto/src/assets/alto-fleet.jpg,/home/nunesrjr/Projects/rrm/alto/src/assets/alto-fleet-alto flight academy-oklahoma-flying-lessons.jpg,/src/assets/alto-fleet.jpg,/src/assets/alto-fleet-alto flight academy-oklahoma-flying-lessons.jpg,OK
/home/nunesrjr/Projects/rrm/alto/src/assets/alto-flight-academy-leadership-team.jpg,/home/nunesrjr/Projects/rrm/alto/src/assets/alto-flight-academy-leadership-team-alto flight academy-oklahoma city-commercial-pilot.jpg,/src/assets/alto-flight-academy-leadership-team.jpg,/src/assets/alto-flight-academy-leadership-team-alto flight academy-oklahoma city-commercial-pilot.jpg,OK
/home/nunesrjr/Projects/rrm/alto/src/assets/alto-flight-academy-pilot-flying-above-clouds-over-oklahoma-city-bethany.jpg,/home/nunesrjr/Projects/rrm/alto/src/assets/alto-flight-academy-pilot-flying-above-clouds-over-city-bethany-alto flight academy-oklahoma-instrument-rating.jpg,/src/assets/alto-flight-academy-pilot-flying-above-clouds-over-oklahoma-city-bethany.jpg,/src/assets/alto-flight-academy-pilot-flying-above-clouds-over-city-bethany-alto flight academy-oklahoma-instrument-rating.jpg,OK
/home/nunesrjr/Projects/rrm/alto/src/assets/alto-flight-academy-staff-with-jon-and-martha-king.jpg,/home/nunesrjr/Projects/rrm/alto/src/assets/alto-flight-academy-staff-with-jon-and-martha-king-alto flight academy-oklahoma city-private-pilot.jpg,/src/assets/alto-flight-academy-staff-with-jon-and-martha-king.jpg,/src/assets/alto-flight-academy-staff-with-jon-and-martha-king-alto flight academy-oklahoma city-private-pilot.jpg,OK
/home/nunesrjr/Projects/rrm/alto/src/assets/alto-flight-academy-team-at-sundance-airport(1).jpg,/home/nunesrjr/Projects/rrm/alto/src/assets/alto-flight-academy-team-at-sundance-airport(1)-alto flight academy-oklahoma-multi-engine-rating.jpg,/src/assets/alto-flight-academy-team-at-sundance-airport(1).jpg,/src/assets/alto-flight-academy-team-at-sundance-airport(1)-alto flight academy-oklahoma-multi-engine-rating.jpg,OK
/home/nunesrjr/Projects/rrm/alto/src/assets/alto-flight-academy-team-at-sundance-airport-touched.jpg,/home/nunesrjr/Projects/rrm/alto/src/assets/alto-flight-academy-team-at-sundance-airport-touched-alto flight academy-oklahoma-certified-flight-instructor.jpg,/src/assets/alto-flight-academy-team-at-sundance-airport-touched.jpg,/src/assets/alto-flight-academy-team-at-sundance-airport-touched-alto flight academy-oklahoma-certified-flight-instructor.jpg,OK
/home/nunesrjr/Projects/rrm/alto/src/assets/alto-flight-academy-team-at-sundance-airport.jpg,/home/nunesrjr/Projects/rrm/alto/src/assets/alto-flight-academy-team-at-sundance-airport-alto flight academy-oklahoma-become-a-pilot.jpg,/src/assets/alto-flight-academy-team-at-sundance-airport.jpg,/src/assets/alto-flight-academy-team-at-sundance-airport-alto flight academy-oklahoma-become-a-pilot.jpg,OK
/home/nunesrjr/Projects/rrm/alto/src/assets/alto-flight-book-mockup.png,/home/nunesrjr/Projects/rrm/alto/src/assets/alto-flight-book-mockup-alto flight academy-oklahoma-instrument-rating.png,/src/assets/alto-flight-book-mockup.png,/src/assets/alto-flight-book-mockup-alto flight academy-oklahoma-instrument-rating.png,OK
/home/nunesrjr/Projects/rrm/alto/src/assets/alto-flight-instructors-in-front-of-a-piper-airplane.jpg,/home/nunesrjr/Projects/rrm/alto/src/assets/alto-flight-instructors-in-front-of-a-piper-airplane-alto flight academy-oklahoma-flight-training.jpg,/src/assets/alto-flight-instructors-in-front-of-a-piper-airplane.jpg,/src/assets/alto-flight-instructors-in-front-of-a-piper-airplane-alto flight academy-oklahoma-flight-training.jpg,OK
/home/nunesrjr/Projects/rrm/alto/src/assets/alto-flight-private-pilot-student-after-solo.jpg,/home/nunesrjr/Projects/rrm/alto/src/assets/alto-flight-student-after-solo-alto flight academy-oklahoma city-commercial-pilot.jpg,/src/assets/alto-flight-private-pilot-student-after-solo.jpg,/src/assets/alto-flight-student-after-solo-alto flight academy-oklahoma city-commercial-pilot.jpg,OK
/home/nunesrjr/Projects/rrm/alto/src/assets/alto-flight-sundance-airport-yukon-oklahoma(1).jpg,/home/nunesrjr/Projects/rrm/alto/src/assets/alto-flight-sundance-airport-yukon-oklahoma(1)-alto flight academy-oklahoma-flying-lessons.jpg,/src/assets/alto-flight-sundance-airport-yukon-oklahoma(1).jpg,/src/assets/alto-flight-sundance-airport-yukon-oklahoma(1)-alto flight academy-oklahoma-flying-lessons.jpg,OK
/home/nunesrjr/Projects/rrm/alto/src/assets/alto-flight-sundance-airport-yukon-oklahoma-touched.jpg,/home/nunesrjr/Projects/rrm/alto/src/assets/alto-flight-sundance-airport-yukon-touched-alto flight academy-oklahoma city-discovery-flight.jpg,/src/assets/alto-flight-sundance-airport-yukon-oklahoma-touched.jpg,/src/assets/alto-flight-sundance-airport-yukon-touched-alto flight academy-oklahoma city-discovery-flight.jpg,OK
/home/nunesrjr/Projects/rrm/alto/src/assets/alto-flight-sundance-airport-yukon-oklahoma.jpg,/home/nunesrjr/Projects/rrm/alto/src/assets/alto-flight-sundance-airport-yukon-oklahoma-alto flight academy-oklahoma city-certified-flight-instructor.jpg,/src/assets/alto-flight-sundance-airport-yukon-oklahoma.jpg,/src/assets/alto-flight-sundance-airport-yukon-oklahoma-alto flight academy-oklahoma city-certified-flight-instructor.jpg,OK
/home/nunesrjr/Projects/rrm/alto/src/assets/alto-flight-yukon-group-photo.jpg,/home/nunesrjr/Projects/rrm/alto/src/assets/alto-flight-yukon-group-photo-alto flight academy-oklahoma city-pilot-training.jpg,/src/assets/alto-flight-yukon-group-photo.jpg,/src/assets/alto-flight-yukon-group-photo-alto flight academy-oklahoma city-pilot-training.jpg,OK
/home/nunesrjr/Projects/rrm/alto/src/assets/alto-pilot-thumbs-up-oklahoma.jpg,/home/nunesrjr/Projects/rrm/alto/src/assets/alto-pilot-thumbs-up-oklahoma-alto flight academy-oklahoma city-flight-school.jpg,/src/assets/alto-pilot-thumbs-up-oklahoma.jpg,/src/assets/alto-pilot-thumbs-up-oklahoma-alto flight academy-oklahoma city-flight-school.jpg,OK
/home/nunesrjr/Projects/rrm/alto/src/assets/american-airlines-jet-yukon-oklahoma.jpg,/home/nunesrjr/Projects/rrm/alto/src/assets/american-airlines-jet-yukon-oklahoma-alto flight academy-oklahoma-become-a-pilot.jpg,/src/assets/american-airlines-jet-yukon-oklahoma.jpg,/src/assets/american-airlines-jet-yukon-oklahoma-alto flight academy-oklahoma-become-a-pilot.jpg,OK
/home/nunesrjr/Projects/rrm/alto/src/assets/aopa-logo.png,/home/nunesrjr/Projects/rrm/alto/src/assets/aopa-logo-alto flight academy-oklahoma city-commercial-pilot.png,/src/assets/aopa-logo.png,/src/assets/aopa-logo-alto flight academy-oklahoma city-commercial-pilot.png,OK
/home/nunesrjr/Projects/rrm/alto/src/assets/applicants-passed-their-flight-instructor-exam.jpg,/home/nunesrjr/Projects/rrm/alto/src/assets/applicants-passed-their-flight-instructor-exam-alto flight academy-oklahoma-private-pilot.jpg,/src/assets/applicants-passed-their-flight-instructor-exam.jpg,/src/assets/applicants-passed-their-flight-instructor-exam-alto flight academy-oklahoma-private-pilot.jpg,OK
/home/nunesrjr/Projects/rrm/alto/src/assets/applicants-passed-their-instrument-instructor-checkrides.jpg,/home/nunesrjr/Projects/rrm/alto/src/assets/applicants-passed-their-instrument-instructor-checkrides-alto flight academy-oklahoma-flight-school.jpg,/src/assets/applicants-passed-their-instrument-instructor-checkrides.jpg,/src/assets/applicants-passed-their-instrument-instructor-checkrides-alto flight academy-oklahoma-flight-school.jpg,OK
/home/nunesrjr/Projects/rrm/alto/src/assets/atp-students.jpg,/home/nunesrjr/Projects/rrm/alto/src/assets/atp-students-alto flight academy-oklahoma city-flying-lessons.jpg,/src/assets/atp-students.jpg,/src/assets/atp-students-alto flight academy-oklahoma city-flying-lessons.jpg,OK
/home/nunesrjr/Projects/rrm/alto/src/assets/beech-baron.jpg,/home/nunesrjr/Projects/rrm/alto/src/assets/beech-baron-alto flight academy-oklahoma-commercial-pilot.jpg,/src/assets/beech-baron.jpg,/src/assets/beech-baron-alto flight academy-oklahoma-commercial-pilot.jpg,OK
/home/nunesrjr/Projects/rrm/alto/src/assets/beech-bonanza-b36tc.jpg,/home/nunesrjr/Projects/rrm/alto/src/assets/beech-bonanza-b36tc-alto flight academy-oklahoma-instrument-rating.jpg,/src/assets/beech-bonanza-b36tc.jpg,/src/assets/beech-bonanza-b36tc-alto flight academy-oklahoma-instrument-rating.jpg,OK
/home/nunesrjr/Projects/rrm/alto/src/assets/beechjet-400.jpeg,/home/nunesrjr/Projects/rrm/alto/src/assets/beechjet-400-alto flight academy-oklahoma-instrument-rating.jpeg,/src/assets/beechjet-400.jpeg,/src/assets/beechjet-400-alto flight academy-oklahoma-instrument-rating.jpeg,OK
/home/nunesrjr/Projects/rrm/alto/src/assets/ben-mullins-oXV3bzR7jxI-unsplash.jpg,/home/nunesrjr/Projects/rrm/alto/src/assets/ben-mullins-oxv3bzr7jxi-unsplash-alto flight academy-oklahoma city-become-a-pilot.jpg,/src/assets/ben-mullins-oXV3bzR7jxI-unsplash.jpg,/src/assets/ben-mullins-oxv3bzr7jxi-unsplash-alto flight academy-oklahoma city-become-a-pilot.jpg,OK
/home/nunesrjr/Projects/rrm/alto/src/assets/career-path.jpg,/home/nunesrjr/Projects/rrm/alto/src/assets/career-path-alto flight academy-oklahoma city-flight-school.jpg,/src/assets/career-path.jpg,/src/assets/career-path-alto flight academy-oklahoma city-flight-school.jpg,OK
/home/nunesrjr/Projects/rrm/alto/src/assets/cessna-152.jpg,/home/nunesrjr/Projects/rrm/alto/src/assets/cessna-152-alto flight academy-oklahoma-certified-flight-instructor.jpg,/src/assets/cessna-152.jpg,/src/assets/cessna-152-alto flight academy-oklahoma-certified-flight-instructor.jpg,OK
/home/nunesrjr/Projects/rrm/alto/src/assets/cessna-172-n4891j-flying-over-bethany-ok.jpg,/home/nunesrjr/Projects/rrm/alto/src/assets/cessna-172-n4891j-flying-over-bethany-ok-alto flight academy-oklahoma city-flight-school.jpg,/src/assets/cessna-172-n4891j-flying-over-bethany-ok.jpg,/src/assets/cessna-172-n4891j-flying-over-bethany-ok-alto flight academy-oklahoma city-flight-school.jpg,OK
/home/nunesrjr/Projects/rrm/alto/src/assets/cessna-172.jpg,/home/nunesrjr/Projects/rrm/alto/src/assets/cessna-172-alto flight academy-oklahoma city-become-a-pilot.jpg,/src/assets/cessna-172.jpg,/src/assets/cessna-172-alto flight academy-oklahoma city-become-a-pilot.jpg,OK
/home/nunesrjr/Projects/rrm/alto/src/assets/cessna-172rg.jpg,/home/nunesrjr/Projects/rrm/alto/src/assets/cessna-172rg-alto flight academy-oklahoma city-multi-engine-rating.jpg,/src/assets/cessna-172rg.jpg,/src/assets/cessna-172rg-alto flight academy-oklahoma city-multi-engine-rating.jpg,OK
/home/nunesrjr/Projects/rrm/alto/src/assets/cessna-182a.jpg,/home/nunesrjr/Projects/rrm/alto/src/assets/cessna-182a-alto flight academy-oklahoma-become-a-pilot.jpg,/src/assets/cessna-182a.jpg,/src/assets/cessna-182a-alto flight academy-oklahoma-become-a-pilot.jpg,OK
/home/nunesrjr/Projects/rrm/alto/src/assets/cfi-cutting-t-shirt-after-student-pilot-solo.jpg,/home/nunesrjr/Projects/rrm/alto/src/assets/cfi-cutting-t-shirt-after-student-pilot-solo-alto flight academy-oklahoma city-private-pilot.jpg,/src/assets/cfi-cutting-t-shirt-after-student-pilot-solo.jpg,/src/assets/cfi-cutting-t-shirt-after-student-pilot-solo-alto flight academy-oklahoma city-private-pilot.jpg,OK
/home/nunesrjr/Projects/rrm/alto/src/assets/cfi-in-cessna.jpg,/home/nunesrjr/Projects/rrm/alto/src/assets/cfi-in-cessna-alto flight academy-oklahoma-private-pilot.jpg,/src/assets/cfi-in-cessna.jpg,/src/assets/cfi-in-cessna-alto flight academy-oklahoma-private-pilot.jpg,OK
/home/nunesrjr/Projects/rrm/alto/src/assets/challenge-air-logo.webp,/home/nunesrjr/Projects/rrm/alto/src/assets/challenge-air-logo-alto flight academy-oklahoma-commercial-pilot.webp,/src/assets/challenge-air-logo.webp,/src/assets/challenge-air-logo-alto flight academy-oklahoma-commercial-pilot.webp,OK
/home/nunesrjr/Projects/rrm/alto/src/assets/citation-jet-hal-harris-oklahoma-city.jpg,/home/nunesrjr/Projects/rrm/alto/src/assets/citation-jet-hal-harris-city-alto flight academy-oklahoma city-flight-school.jpg,/src/assets/citation-jet-hal-harris-oklahoma-city.jpg,/src/assets/citation-jet-hal-harris-city-alto flight academy-oklahoma city-flight-school.jpg,OK
/home/nunesrjr/Projects/rrm/alto/src/assets/cody-fitzgerald-O0Tr0mrzXLA-unsplash.jpg,/home/nunesrjr/Projects/rrm/alto/src/assets/cody-fitzgerald-o0tr0mrzxla-unsplash-alto flight academy-oklahoma city-certified-flight-instructor.jpg,/src/assets/cody-fitzgerald-O0Tr0mrzXLA-unsplash.jpg,/src/assets/cody-fitzgerald-o0tr0mrzxla-unsplash-alto flight academy-oklahoma city-certified-flight-instructor.jpg,OK
/home/nunesrjr/Projects/rrm/alto/src/assets/commercial-pilot-landing-grass-runway-in-cedar-mills.jpg,/home/nunesrjr/Projects/rrm/alto/src/assets/landing-grass-runway-in-cedar-mills-alto flight academy-oklahoma city-commercial-pilot.jpg,/src/assets/commercial-pilot-landing-grass-runway-in-cedar-mills.jpg,/src/assets/landing-grass-runway-in-cedar-mills-alto flight academy-oklahoma city-commercial-pilot.jpg,OK
/home/nunesrjr/Projects/rrm/alto/src/assets/commercial-pilot-passing-exam-at-alto-flight-oklahoma-city.jpg,/home/nunesrjr/Projects/rrm/alto/src/assets/passing-exam-at-alto-flight-city-alto flight academy-oklahoma city-flying-lessons.jpg,/src/assets/commercial-pilot-passing-exam-at-alto-flight-oklahoma-city.jpg,/src/assets/passing-exam-at-alto-flight-city-alto flight academy-oklahoma city-flying-lessons.jpg,OK
/home/nunesrjr/Projects/rrm/alto/src/assets/commercial-pilot-passing-exam-in-bethany-oklahoma.jpg,/home/nunesrjr/Projects/rrm/alto/src/assets/passing-exam-in-bethany-oklahoma-alto flight academy-oklahoma city-instrument-rating.jpg,/src/assets/commercial-pilot-passing-exam-in-bethany-oklahoma.jpg,/src/assets/passing-exam-in-bethany-oklahoma-alto flight academy-oklahoma city-instrument-rating.jpg,OK
/home/nunesrjr/Projects/rrm/alto/src/assets/eaa-logo.png,/home/nunesrjr/Projects/rrm/alto/src/assets/eaa-logo-alto flight academy-oklahoma-instrument-rating.png,/src/assets/eaa-logo.png,/src/assets/eaa-logo-alto flight academy-oklahoma-instrument-rating.png,OK
/home/nunesrjr/Projects/rrm/alto/src/assets/evan-corder-alto-flight-team.jpg,/home/nunesrjr/Projects/rrm/alto/src/assets/evan-corder-alto-flight-team-alto flight academy-oklahoma-flying-lessons.jpg,/src/assets/evan-corder-alto-flight-team.jpg,/src/assets/evan-corder-alto-flight-team-alto flight academy-oklahoma-flying-lessons.jpg,OK
/home/nunesrjr/Projects/rrm/alto/src/assets/evan-navarro-alto-flight-team.jpg,/home/nunesrjr/Projects/rrm/alto/src/assets/evan-navarro-alto-flight-team-alto flight academy-oklahoma-flight-school.jpg,/src/assets/evan-navarro-alto-flight-team.jpg,/src/assets/evan-navarro-alto-flight-team-alto flight academy-oklahoma-flight-school.jpg,OK
/home/nunesrjr/Projects/rrm/alto/src/assets/female-pilot-in-front-of-a-king-air-airplane.jpg,/home/nunesrjr/Projects/rrm/alto/src/assets/female-pilot-in-front-of-a-king-air-airplane-alto flight academy-oklahoma city-commercial-pilot.jpg,/src/assets/female-pilot-in-front-of-a-king-air-airplane.jpg,/src/assets/female-pilot-in-front-of-a-king-air-airplane-alto flight academy-oklahoma city-commercial-pilot.jpg,OK
/home/nunesrjr/Projects/rrm/alto/src/assets/female-pilots-at-sundance-airport-in-front-of-planes.jpg,/home/nunesrjr/Projects/rrm/alto/src/assets/female-pilots-at-sundance-airport-in-front-of-planes-alto flight academy-oklahoma city-commercial-pilot.jpg,/src/assets/female-pilots-at-sundance-airport-in-front-of-planes.jpg,/src/assets/female-pilots-at-sundance-airport-in-front-of-planes-alto flight academy-oklahoma city-commercial-pilot.jpg,OK
/home/nunesrjr/Projects/rrm/alto/src/assets/flying-IMC-and-pitot-tube-iced-up.jpg,/home/nunesrjr/Projects/rrm/alto/src/assets/flying-imc-and-pitot-tube-iced-up-alto flight academy-oklahoma-instrument-rating.jpg,/src/assets/flying-IMC-and-pitot-tube-iced-up.jpg,/src/assets/flying-imc-and-pitot-tube-iced-up-alto flight academy-oklahoma-instrument-rating.jpg,OK
/home/nunesrjr/Projects/rrm/alto/src/assets/flying-above-lake-heffner-in-clouds-cessna-172-instrument-rated-pilot.jpg,/home/nunesrjr/Projects/rrm/alto/src/assets/flying-above-lake-heffner-in-clouds-cessna-172-instrument-rated-pilot-alto flight academy-oklahoma-pilot-training.jpg,/src/assets/flying-above-lake-heffner-in-clouds-cessna-172-instrument-rated-pilot.jpg,/src/assets/flying-above-lake-heffner-in-clouds-cessna-172-instrument-rated-pilot-alto flight academy-oklahoma-pilot-training.jpg,OK
/home/nunesrjr/Projects/rrm/alto/src/assets/flying-in-a-multi-engine-aircraft.jpg,/home/nunesrjr/Projects/rrm/alto/src/assets/flying-in-a-multi-engine-aircraft-alto flight academy-oklahoma city-discovery-flight.jpg,/src/assets/flying-in-a-multi-engine-aircraft.jpg,/src/assets/flying-in-a-multi-engine-aircraft-alto flight academy-oklahoma city-discovery-flight.jpg,OK
/home/nunesrjr/Projects/rrm/alto/src/assets/former-alto-flight-academy-student-flying-jets.jpg,/home/nunesrjr/Projects/rrm/alto/src/assets/former-alto-flight-academy-student-flying-jets-alto flight academy-oklahoma-private-pilot.jpg,/src/assets/former-alto-flight-academy-student-flying-jets.jpg,/src/assets/former-alto-flight-academy-student-flying-jets-alto flight academy-oklahoma-private-pilot.jpg,OK
/home/nunesrjr/Projects/rrm/alto/src/assets/former-alto-student-with-cessna-first-trained-in-bethany-oklahoma.jpg,/home/nunesrjr/Projects/rrm/alto/src/assets/former-alto-student-with-cessna-first-trained-in-bethany-oklahoma-alto flight academy-oklahoma city-flying-lessons.jpg,/src/assets/former-alto-student-with-cessna-first-trained-in-bethany-oklahoma.jpg,/src/assets/former-alto-student-with-cessna-first-trained-in-bethany-oklahoma-alto flight academy-oklahoma city-flying-lessons.jpg,OK
/home/nunesrjr/Projects/rrm/alto/src/assets/grace-manglicmot-alto-flight-team.jpg,/home/nunesrjr/Projects/rrm/alto/src/assets/grace-manglicmot-alto-flight-team-alto flight academy-oklahoma city-flying-lessons.jpg,/src/assets/grace-manglicmot-alto-flight-team.jpg,/src/assets/grace-manglicmot-alto-flight-team-alto flight academy-oklahoma city-flying-lessons.jpg,OK
/home/nunesrjr/Projects/rrm/alto/src/assets/guide-mockup.webp,/home/nunesrjr/Projects/rrm/alto/src/assets/guide-mockup-alto flight academy-oklahoma-certified-flight-instructor.webp,/src/assets/guide-mockup.webp,/src/assets/guide-mockup-alto flight academy-oklahoma-certified-flight-instructor.webp,OK
/home/nunesrjr/Projects/rrm/alto/src/assets/hal-harris-alto-flight-team.jpg,/home/nunesrjr/Projects/rrm/alto/src/assets/hal-harris-alto-flight-team-alto flight academy-oklahoma city-discovery-flight.jpg,/src/assets/hal-harris-alto-flight-team.jpg,/src/assets/hal-harris-alto-flight-team-alto flight academy-oklahoma city-discovery-flight.jpg,OK
/home/nunesrjr/Projects/rrm/alto/src/assets/hal-harris-cfi-cutting-shirt-after-a-student-pilot-first-solo.jpg,/home/nunesrjr/Projects/rrm/alto/src/assets/hal-harris-cfi-cutting-shirt-after-a-student-pilot-first-solo-alto flight academy-oklahoma-private-pilot.jpg,/src/assets/hal-harris-cfi-cutting-shirt-after-a-student-pilot-first-solo.jpg,/src/assets/hal-harris-cfi-cutting-shirt-after-a-student-pilot-first-solo-alto flight academy-oklahoma-private-pilot.jpg,OK
/home/nunesrjr/Projects/rrm/alto/src/assets/inside-boeing-737-cockpit.jpg,/home/nunesrjr/Projects/rrm/alto/src/assets/inside-boeing-737-cockpit-alto flight academy-oklahoma city-become-a-pilot.jpg,/src/assets/inside-boeing-737-cockpit.jpg,/src/assets/inside-boeing-737-cockpit-alto flight academy-oklahoma city-become-a-pilot.jpg,OK
/home/nunesrjr/Projects/rrm/alto/src/assets/inside-cockpit-flying-airliner-jet-over-bethany-oklahoma.jpg,/home/nunesrjr/Projects/rrm/alto/src/assets/inside-cockpit-flying-airliner-jet-over-bethany-oklahoma-alto flight academy-oklahoma city-commercial-pilot.jpg,/src/assets/inside-cockpit-flying-airliner-jet-over-bethany-oklahoma.jpg,/src/assets/inside-cockpit-flying-airliner-jet-over-bethany-oklahoma-alto flight academy-oklahoma city-commercial-pilot.jpg,OK
/home/nunesrjr/Projects/rrm/alto/src/assets/instrument-ground-school-in-oklahoma-city.jpg,/home/nunesrjr/Projects/rrm/alto/src/assets/instrument-ground-school-in-city-alto flight academy-oklahoma city-multi-engine-rating.jpg,/src/assets/instrument-ground-school-in-oklahoma-city.jpg,/src/assets/instrument-ground-school-in-city-alto flight academy-oklahoma city-multi-engine-rating.jpg,OK
/home/nunesrjr/Projects/rrm/alto/src/assets/instrument-rating-training-pilot-flying-in-clouds-above-ardmore-ok.jpg,/home/nunesrjr/Projects/rrm/alto/src/assets/training-pilot-flying-in-clouds-above-ardmore-ok-alto flight academy-oklahoma-become-a-pilot.jpg,/src/assets/instrument-rating-training-pilot-flying-in-clouds-above-ardmore-ok.jpg,/src/assets/training-pilot-flying-in-clouds-above-ardmore-ok-alto flight academy-oklahoma-become-a-pilot.jpg,OK
/home/nunesrjr/Projects/rrm/alto/src/assets/long-exposure-airport-night.jpg,/home/nunesrjr/Projects/rrm/alto/src/assets/long-exposure-airport-night-alto flight academy-oklahoma city-discovery-flight.jpg,/src/assets/long-exposure-airport-night.jpg,/src/assets/long-exposure-airport-night-alto flight academy-oklahoma city-discovery-flight.jpg,OK
/home/nunesrjr/Projects/rrm/alto/src/assets/luizmonteiro-logo.webp,/home/nunesrjr/Projects/rrm/alto/src/assets/luizmonteiro-logo-alto flight academy-oklahoma-become-a-pilot.webp,/src/assets/luizmonteiro-logo.webp,/src/assets/luizmonteiro-logo-alto flight academy-oklahoma-become-a-pilot.webp,OK
/home/nunesrjr/Projects/rrm/alto/src/assets/maricris-harris-alto-flight-team.jpg,/home/nunesrjr/Projects/rrm/alto/src/assets/maricris-harris-alto-flight-team-alto flight academy-oklahoma-instrument-rating.jpg,/src/assets/maricris-harris-alto-flight-team.jpg,/src/assets/maricris-harris-alto-flight-team-alto flight academy-oklahoma-instrument-rating.jpg,OK
/home/nunesrjr/Projects/rrm/alto/src/assets/multi-engine-rating-students.jpg,/home/nunesrjr/Projects/rrm/alto/src/assets/students-alto flight academy-oklahoma city-flight-training.jpg,/src/assets/multi-engine-rating-students.jpg,/src/assets/students-alto flight academy-oklahoma city-flight-training.jpg,OK
/home/nunesrjr/Projects/rrm/alto/src/assets/multi-single-engines.jpg,/home/nunesrjr/Projects/rrm/alto/src/assets/multi-single-engines-alto flight academy-oklahoma-pilot-training.jpg,/src/assets/multi-single-engines.jpg,/src/assets/multi-single-engines-alto flight academy-oklahoma-pilot-training.jpg,OK
/home/nunesrjr/Projects/rrm/alto/src/assets/nafi-logo.webp,/home/nunesrjr/Projects/rrm/alto/src/assets/nafi-logo-alto flight academy-oklahoma city-flight-school.webp,/src/assets/nafi-logo.webp,/src/assets/nafi-logo-alto flight academy-oklahoma city-flight-school.webp,OK
/home/nunesrjr/Projects/rrm/alto/src/assets/night-landing-sundance-airport-yukon-cessna.jpg,/home/nunesrjr/Projects/rrm/alto/src/assets/night-landing-sundance-airport-yukon-cessna-alto flight academy-oklahoma-instrument-rating.jpg,/src/assets/night-landing-sundance-airport-yukon-cessna.jpg,/src/assets/night-landing-sundance-airport-yukon-cessna-alto flight academy-oklahoma-instrument-rating.jpg,OK
/home/nunesrjr/Projects/rrm/alto/src/assets/opa-logo.png,/home/nunesrjr/Projects/rrm/alto/src/assets/opa-logo-alto flight academy-oklahoma city-certified-flight-instructor.png,/src/assets/opa-logo.png,/src/assets/opa-logo-alto flight academy-oklahoma city-certified-flight-instructor.png,OK
/home/nunesrjr/Projects/rrm/alto/src/assets/pilot-after-his-private-pilot-checkride-with-flight-instructor.jpg,/home/nunesrjr/Projects/rrm/alto/src/assets/pilot-after-his-checkride-with-flight-instructor-alto flight academy-oklahoma city-flying-lessons.jpg,/src/assets/pilot-after-his-private-pilot-checkride-with-flight-instructor.jpg,/src/assets/pilot-after-his-checkride-with-flight-instructor-alto flight academy-oklahoma city-flying-lessons.jpg,OK
/home/nunesrjr/Projects/rrm/alto/src/assets/pilot-in-a-cirrus-airplane-programing-garmin-430.jpg,/home/nunesrjr/Projects/rrm/alto/src/assets/pilot-in-a-cirrus-airplane-programing-garmin-430-alto flight academy-oklahoma city-multi-engine-rating.jpg,/src/assets/pilot-in-a-cirrus-airplane-programing-garmin-430.jpg,/src/assets/pilot-in-a-cirrus-airplane-programing-garmin-430-alto flight academy-oklahoma city-multi-engine-rating.jpg,OK
/home/nunesrjr/Projects/rrm/alto/src/assets/pilot-thumbs-up-in-cessna-172-airplane-just-before-a-solo.jpg,/home/nunesrjr/Projects/rrm/alto/src/assets/pilot-thumbs-up-in-cessna-172-airplane-just-before-a-solo-alto flight academy-oklahoma city-multi-engine-rating.jpg,/src/assets/pilot-thumbs-up-in-cessna-172-airplane-just-before-a-solo.jpg,/src/assets/pilot-thumbs-up-in-cessna-172-airplane-just-before-a-solo-alto flight academy-oklahoma city-multi-engine-rating.jpg,OK
/home/nunesrjr/Projects/rrm/alto/src/assets/piper-arrow.jpg,/home/nunesrjr/Projects/rrm/alto/src/assets/piper-arrow-alto flight academy-oklahoma-become-a-pilot.jpg,/src/assets/piper-arrow.jpg,/src/assets/piper-arrow-alto flight academy-oklahoma-become-a-pilot.jpg,OK
/home/nunesrjr/Projects/rrm/alto/src/assets/plane-placeholder.png,/home/nunesrjr/Projects/rrm/alto/src/assets/plane-placeholder-alto flight academy-oklahoma city-discovery-flight.png,/src/assets/plane-placeholder.png,/src/assets/plane-placeholder-alto flight academy-oklahoma city-discovery-flight.png,OK
/home/nunesrjr/Projects/rrm/alto/src/assets/post1.jpg,/home/nunesrjr/Projects/rrm/alto/src/assets/post1-alto flight academy-oklahoma-pilot-training.jpg,/src/assets/post1.jpg,/src/assets/post1-alto flight academy-oklahoma-pilot-training.jpg,OK
/home/nunesrjr/Projects/rrm/alto/src/assets/post2.jpg,/home/nunesrjr/Projects/rrm/alto/src/assets/post2-alto flight academy-oklahoma-flying-lessons.jpg,/src/assets/post2.jpg,/src/assets/post2-alto flight academy-oklahoma-flying-lessons.jpg,OK
/home/nunesrjr/Projects/rrm/alto/src/assets/post3.jpg,/home/nunesrjr/Projects/rrm/alto/src/assets/post3-alto flight academy-oklahoma city-pilot-training.jpg,/src/assets/post3.jpg,/src/assets/post3-alto flight academy-oklahoma city-pilot-training.jpg,OK
/home/nunesrjr/Projects/rrm/alto/src/assets/post4.jpg,/home/nunesrjr/Projects/rrm/alto/src/assets/post4-alto flight academy-oklahoma city-pilot-training.jpg,/src/assets/post4.jpg,/src/assets/post4-alto flight academy-oklahoma city-pilot-training.jpg,OK
/home/nunesrjr/Projects/rrm/alto/src/assets/post5.jpg,/home/nunesrjr/Projects/rrm/alto/src/assets/post5-alto flight academy-oklahoma-commercial-pilot.jpg,/src/assets/post5.jpg,/src/assets/post5-alto flight academy-oklahoma-commercial-pilot.jpg,OK
/home/nunesrjr/Projects/rrm/alto/src/assets/private-pilot-ground-materials-for-flight-school-yukon-ok.jpg,/home/nunesrjr/Projects/rrm/alto/src/assets/ground-materials-for-yukon-ok-alto flight academy-oklahoma city-certified-flight-instructor.jpg,/src/assets/private-pilot-ground-materials-for-flight-school-yukon-ok.jpg,/src/assets/ground-materials-for-yukon-ok-alto flight academy-oklahoma city-certified-flight-instructor.jpg,OK
/home/nunesrjr/Projects/rrm/alto/src/assets/reid-grigsby-alto-flight-team.webp,/home/nunesrjr/Projects/rrm/alto/src/assets/reid-grigsby-alto-flight-team-alto flight academy-oklahoma-flight-training.webp,/src/assets/reid-grigsby-alto-flight-team.webp,/src/assets/reid-grigsby-alto-flight-team-alto flight academy-oklahoma-flight-training.webp,OK
/home/nunesrjr/Projects/rrm/alto/src/assets/signature.webp,/home/nunesrjr/Projects/rrm/alto/src/assets/signature-alto flight academy-oklahoma city-certified-flight-instructor.webp,/src/assets/signature.webp,/src/assets/signature-alto flight academy-oklahoma city-certified-flight-instructor.webp,OK
/home/nunesrjr/Projects/rrm/alto/src/assets/simulator-type-rating-citation-oklahoma.jpg,/home/nunesrjr/Projects/rrm/alto/src/assets/simulator-type-rating-citation-oklahoma-alto flight academy-oklahoma-pilot-training.jpg,/src/assets/simulator-type-rating-citation-oklahoma.jpg,/src/assets/simulator-type-rating-citation-oklahoma-alto flight academy-oklahoma-pilot-training.jpg,OK
/home/nunesrjr/Projects/rrm/alto/src/assets/stormy-weather.jpg,/home/nunesrjr/Projects/rrm/alto/src/assets/stormy-weather-alto flight academy-oklahoma-discovery-flight.jpg,/src/assets/stormy-weather.jpg,/src/assets/stormy-weather-alto flight academy-oklahoma-discovery-flight.jpg,OK
/home/nunesrjr/Projects/rrm/alto/src/assets/student-and-cfi-in-cessna.jpg,/home/nunesrjr/Projects/rrm/alto/src/assets/student-and-cfi-in-cessna-alto flight academy-oklahoma city-flying-lessons.jpg,/src/assets/student-and-cfi-in-cessna.jpg,/src/assets/student-and-cfi-in-cessna-alto flight academy-oklahoma city-flying-lessons.jpg,OK
/home/nunesrjr/Projects/rrm/alto/src/assets/student-at-alto-flight-school-sundance-airport-oklahoma-after-checkride.jpg,/home/nunesrjr/Projects/rrm/alto/src/assets/student-at-alto-sundance-airport-after-checkride-alto flight academy-oklahoma city-flight-training.jpg,/src/assets/student-at-alto-flight-school-sundance-airport-oklahoma-after-checkride.jpg,/src/assets/student-at-alto-sundance-airport-after-checkride-alto flight academy-oklahoma city-flight-training.jpg,OK
/home/nunesrjr/Projects/rrm/alto/src/assets/student-earning-multi-engine-rating.jpeg,/home/nunesrjr/Projects/rrm/alto/src/assets/student-earning-multi-engine-rating-alto flight academy-oklahoma-flight-school.jpeg,/src/assets/student-earning-multi-engine-rating.jpeg,/src/assets/student-earning-multi-engine-rating-alto flight academy-oklahoma-flight-school.jpeg,OK
/home/nunesrjr/Projects/rrm/alto/src/assets/student-in-atp-lesson.jpg,/home/nunesrjr/Projects/rrm/alto/src/assets/student-in-atp-lesson-alto flight academy-oklahoma-become-a-pilot.jpg,/src/assets/student-in-atp-lesson.jpg,/src/assets/student-in-atp-lesson-alto flight academy-oklahoma-become-a-pilot.jpg,OK
/home/nunesrjr/Projects/rrm/alto/src/assets/student-in-front-of-cessna.jpg,/home/nunesrjr/Projects/rrm/alto/src/assets/student-in-front-of-cessna-alto flight academy-oklahoma-become-a-pilot.jpg,/src/assets/student-in-front-of-cessna.jpg,/src/assets/student-in-front-of-cessna-alto flight academy-oklahoma-become-a-pilot.jpg,OK
/home/nunesrjr/Projects/rrm/alto/src/assets/student-obtaining-private-pilot-certificate.jpg,/home/nunesrjr/Projects/rrm/alto/src/assets/student-obtaining-certificate-alto flight academy-oklahoma city-flying-lessons.jpg,/src/assets/student-obtaining-private-pilot-certificate.jpg,/src/assets/student-obtaining-certificate-alto flight academy-oklahoma city-flying-lessons.jpg,OK
/home/nunesrjr/Projects/rrm/alto/src/assets/student-obtains-commercial-pilot-certificate-from-cfi.jpg,/home/nunesrjr/Projects/rrm/alto/src/assets/student-obtains-certificate-from-cfi-alto flight academy-oklahoma city-flight-school.jpg,/src/assets/student-obtains-commercial-pilot-certificate-from-cfi.jpg,/src/assets/student-obtains-certificate-from-cfi-alto flight academy-oklahoma city-flight-school.jpg,OK
/home/nunesrjr/Projects/rrm/alto/src/assets/student-obtains-commercial-pilot-certificate.jpg,/home/nunesrjr/Projects/rrm/alto/src/assets/student-obtains-certificate-alto flight academy-oklahoma city-commercial-pilot.jpg,/src/assets/student-obtains-commercial-pilot-certificate.jpg,/src/assets/student-obtains-certificate-alto flight academy-oklahoma city-commercial-pilot.jpg,OK
/home/nunesrjr/Projects/rrm/alto/src/assets/student-passed-flight-iinstructor-exam.jpg,/home/nunesrjr/Projects/rrm/alto/src/assets/student-passed-flight-iinstructor-exam-alto flight academy-oklahoma city-instrument-rating.jpg,/src/assets/student-passed-flight-iinstructor-exam.jpg,/src/assets/student-passed-flight-iinstructor-exam-alto flight academy-oklahoma city-instrument-rating.jpg,OK
/home/nunesrjr/Projects/rrm/alto/src/assets/student-passed-his-atp-exam.jpg,/home/nunesrjr/Projects/rrm/alto/src/assets/student-passed-his-atp-exam-alto flight academy-oklahoma city-multi-engine-rating.jpg,/src/assets/student-passed-his-atp-exam.jpg,/src/assets/student-passed-his-atp-exam-alto flight academy-oklahoma city-multi-engine-rating.jpg,OK
/home/nunesrjr/Projects/rrm/alto/src/assets/student-passed-his-commercial-pilot-exam.jpg,/home/nunesrjr/Projects/rrm/alto/src/assets/student-passed-his-exam-alto flight academy-oklahoma-certified-flight-instructor.jpg,/src/assets/student-passed-his-commercial-pilot-exam.jpg,/src/assets/student-passed-his-exam-alto flight academy-oklahoma-certified-flight-instructor.jpg,OK
/home/nunesrjr/Projects/rrm/alto/src/assets/student-passed-his-exam.jpg,/home/nunesrjr/Projects/rrm/alto/src/assets/student-passed-his-exam-alto flight academy-oklahoma-certified-flight-instructor.jpg,/src/assets/student-passed-his-exam.jpg,/src/assets/student-passed-his-exam-alto flight academy-oklahoma-certified-flight-instructor.jpg,OK
/home/nunesrjr/Projects/rrm/alto/src/assets/student-passed-his-instrument-practical-exam.jpg,/home/nunesrjr/Projects/rrm/alto/src/assets/student-passed-his-instrument-practical-exam-alto flight academy-oklahoma city-flight-school.jpg,/src/assets/student-passed-his-instrument-practical-exam.jpg,/src/assets/student-passed-his-instrument-practical-exam-alto flight academy-oklahoma city-flight-school.jpg,OK
/home/nunesrjr/Projects/rrm/alto/src/assets/student-passed-his-instrument-rating.jpg,/home/nunesrjr/Projects/rrm/alto/src/assets/student-passed-his-instrument-rating-alto flight academy-oklahoma city-pilot-training.jpg,/src/assets/student-passed-his-instrument-rating.jpg,/src/assets/student-passed-his-instrument-rating-alto flight academy-oklahoma city-pilot-training.jpg,OK
/home/nunesrjr/Projects/rrm/alto/src/assets/student-passed-his-multi-engine-rating-practical-exam.jpg,/home/nunesrjr/Projects/rrm/alto/src/assets/student-passed-his-practical-exam-alto flight academy-oklahoma-commercial-pilot.jpg,/src/assets/student-passed-his-multi-engine-rating-practical-exam.jpg,/src/assets/student-passed-his-practical-exam-alto flight academy-oklahoma-commercial-pilot.jpg,OK
/home/nunesrjr/Projects/rrm/alto/src/assets/student-passed-his-multi-engine-rating.jpg,/home/nunesrjr/Projects/rrm/alto/src/assets/student-passed-his-multi-engine-rating-alto flight academy-oklahoma-multi-engine-rating.jpg,/src/assets/student-passed-his-multi-engine-rating.jpg,/src/assets/student-passed-his-multi-engine-rating-alto flight academy-oklahoma-multi-engine-rating.jpg,OK
/home/nunesrjr/Projects/rrm/alto/src/assets/student-passed-his-private-pilot-exam.jpg,/home/nunesrjr/Projects/rrm/alto/src/assets/student-passed-his-exam-alto flight academy-oklahoma-pilot-training.jpg,/src/assets/student-passed-his-private-pilot-exam.jpg,/src/assets/student-passed-his-exam-alto flight academy-oklahoma-pilot-training.jpg,OK
/home/nunesrjr/Projects/rrm/alto/src/assets/student-passed-his-private-pilot-practical-exam.jpg,/home/nunesrjr/Projects/rrm/alto/src/assets/student-passed-his-practical-exam-alto flight academy-oklahoma city-flight-school.jpg,/src/assets/student-passed-his-private-pilot-practical-exam.jpg,/src/assets/student-passed-his-practical-exam-alto flight academy-oklahoma city-flight-school.jpg,OK
/home/nunesrjr/Projects/rrm/alto/src/assets/student-pilot-in-front-of-cessna-172-in-yukon-ok-after-private-pilot-checkride.jpg,/home/nunesrjr/Projects/rrm/alto/src/assets/student-pilot-in-front-of-cessna-172-in-yukon-ok-after-checkride-alto flight academy-oklahoma city-multi-engine-rating.jpg,/src/assets/student-pilot-in-front-of-cessna-172-in-yukon-ok-after-private-pilot-checkride.jpg,/src/assets/student-pilot-in-front-of-cessna-172-in-yukon-ok-after-checkride-alto flight academy-oklahoma city-multi-engine-rating.jpg,OK
/home/nunesrjr/Projects/rrm/alto/src/assets/student-pilot.jpg,/home/nunesrjr/Projects/rrm/alto/src/assets/student-pilot-alto flight academy-oklahoma city-certified-flight-instructor.jpg,/src/assets/student-pilot.jpg,/src/assets/student-pilot-alto flight academy-oklahoma city-certified-flight-instructor.jpg,OK
/home/nunesrjr/Projects/rrm/alto/src/assets/student-standing-next-to-his-flight-instructor.jpg,/home/nunesrjr/Projects/rrm/alto/src/assets/student-standing-next-to-his-flight-instructor-alto flight academy-oklahoma-discovery-flight.jpg,/src/assets/student-standing-next-to-his-flight-instructor.jpg,/src/assets/student-standing-next-to-his-flight-instructor-alto flight academy-oklahoma-discovery-flight.jpg,OK
/home/nunesrjr/Projects/rrm/alto/src/assets/student-standing-with-his-cfi.jpg,/home/nunesrjr/Projects/rrm/alto/src/assets/student-standing-with-his-cfi-alto flight academy-oklahoma-flight-school.jpg,/src/assets/student-standing-with-his-cfi.jpg,/src/assets/student-standing-with-his-cfi-alto flight academy-oklahoma-flight-school.jpg,OK
/home/nunesrjr/Projects/rrm/alto/src/assets/student-with-his-atp-instructor.jpg,/home/nunesrjr/Projects/rrm/alto/src/assets/student-with-his-atp-instructor-alto flight academy-oklahoma-flight-school.jpg,/src/assets/student-with-his-atp-instructor.jpg,/src/assets/student-with-his-atp-instructor-alto flight academy-oklahoma-flight-school.jpg,OK
/home/nunesrjr/Projects/rrm/alto/src/assets/student-with-his-cfi.jpg,/home/nunesrjr/Projects/rrm/alto/src/assets/student-with-his-cfi-alto flight academy-oklahoma city-become-a-pilot.jpg,/src/assets/student-with-his-cfi.jpg,/src/assets/student-with-his-cfi-alto flight academy-oklahoma city-become-a-pilot.jpg,OK
/home/nunesrjr/Projects/rrm/alto/src/assets/student-with-his-instructor.jpg,/home/nunesrjr/Projects/rrm/alto/src/assets/student-with-his-instructor-alto flight academy-oklahoma city-flying-lessons.jpg,/src/assets/student-with-his-instructor.jpg,/src/assets/student-with-his-instructor-alto flight academy-oklahoma city-flying-lessons.jpg,OK
/home/nunesrjr/Projects/rrm/alto/src/assets/sunset-plane-wing.jpg,/home/nunesrjr/Projects/rrm/alto/src/assets/sunset-plane-wing-alto flight academy-oklahoma city-instrument-rating.jpg,/src/assets/sunset-plane-wing.jpg,/src/assets/sunset-plane-wing-alto flight academy-oklahoma city-instrument-rating.jpg,OK
/home/nunesrjr/Projects/rrm/alto/src/assets/team-member-1.jpg,/home/nunesrjr/Projects/rrm/alto/src/assets/team-member-1-alto flight academy-oklahoma city-commercial-pilot.jpg,/src/assets/team-member-1.jpg,/src/assets/team-member-1-alto flight academy-oklahoma city-commercial-pilot.jpg,OK
/home/nunesrjr/Projects/rrm/alto/src/assets/team-member-2a.jpg,/home/nunesrjr/Projects/rrm/alto/src/assets/team-member-2a-alto flight academy-oklahoma city-pilot-training.jpg,/src/assets/team-member-2a.jpg,/src/assets/team-member-2a-alto flight academy-oklahoma city-pilot-training.jpg,OK
/home/nunesrjr/Projects/rrm/alto/src/assets/team-member-2b.jpg,/home/nunesrjr/Projects/rrm/alto/src/assets/team-member-2b-alto flight academy-oklahoma-instrument-rating.jpg,/src/assets/team-member-2b.jpg,/src/assets/team-member-2b-alto flight academy-oklahoma-instrument-rating.jpg,OK
/home/nunesrjr/Projects/rrm/alto/src/assets/team-member-3.jpg,/home/nunesrjr/Projects/rrm/alto/src/assets/team-member-3-alto flight academy-oklahoma-commercial-pilot.jpg,/src/assets/team-member-3.jpg,/src/assets/team-member-3-alto flight academy-oklahoma-commercial-pilot.jpg,OK
/home/nunesrjr/Projects/rrm/alto/src/assets/view-from-the-skies-inside-alto-airplane.jpg,/home/nunesrjr/Projects/rrm/alto/src/assets/view-from-the-skies-inside-alto-airplane-alto flight academy-oklahoma-multi-engine-rating.jpg,/src/assets/view-from-the-skies-inside-alto-airplane.jpg,/src/assets/view-from-the-skies-inside-alto-airplane-alto flight academy-oklahoma-multi-engine-rating.jpg,OK
/home/nunesrjr/Projects/rrm/alto/src/assets/wall-of-students-passing-checkride-by-sectional.jpg,/home/nunesrjr/Projects/rrm/alto/src/assets/wall-of-students-passing-checkride-by-sectional-alto flight academy-oklahoma-commercial-pilot.jpg,/src/assets/wall-of-students-passing-checkride-by-sectional.jpg,/src/assets/wall-of-students-passing-checkride-by-sectional-alto flight academy-oklahoma-commercial-pilot.jpg,OK
/home/nunesrjr/Projects/rrm/alto/src/assets/wall-of-students-passing-checkride-near-sectional.jpg,/home/nunesrjr/Projects/rrm/alto/src/assets/wall-of-students-passing-checkride-near-sectional-alto flight academy-oklahoma-flight-school.jpg,/src/assets/wall-of-students-passing-checkride-near-sectional.jpg,/src/assets/wall-of-students-passing-checkride-near-sectional-alto flight academy-oklahoma-flight-school.jpg,OK
/home/nunesrjr/Projects/rrm/alto/src/assets/wall-of-students-passing-checkride.jpg,/home/nunesrjr/Projects/rrm/alto/src/assets/wall-of-students-passing-checkride-alto flight academy-oklahoma city-multi-engine-rating.jpg,/src/assets/wall-of-students-passing-checkride.jpg,/src/assets/wall-of-students-passing-checkride-alto flight academy-oklahoma city-multi-engine-rating.jpg,OK
/home/nunesrjr/Projects/rrm/alto/src/assets/what-to-expect-on-your-first-discovery-flight-at-alto.jpg,/home/nunesrjr/Projects/rrm/alto/src/assets/what-to-expect-on-your-first-at-alto-alto flight academy-oklahoma-flying-lessons.jpg,/src/assets/what-to-expect-on-your-first-discovery-flight-at-alto.jpg,/src/assets/what-to-expect-on-your-first-at-alto-alto flight academy-oklahoma-flying-lessons.jpg,OK
/home/nunesrjr/Projects/rrm/alto/src/assets/young-17-year-old-private-pilot-pass-checkride-at-alto-flight-academy.jpg,/home/nunesrjr/Projects/rrm/alto/src/assets/young-17-year-old-pass-checkride-at-alto-flight-academy-alto flight academy-oklahoma city-flight-school.jpg,/src/assets/young-17-year-old-private-pilot-pass-checkride-at-alto-flight-academy.jpg,/src/assets/young-17-year-old-pass-checkride-at-alto-flight-academy-alto flight academy-oklahoma city-flight-school.jpg,OK
/home/nunesrjr/Projects/rrm/alto/public/Alto-Flight-Academy-logo-2025-1.png,/home/nunesrjr/Projects/rrm/alto/public/alto-flight-academy-logo-2025-1-alto flight academy-oklahoma city-flight-school.png,/Alto-Flight-Academy-logo-2025-1.png,/alto-flight-academy-logo-2025-1-alto flight academy-oklahoma city-flight-school.png,OK
/home/nunesrjr/Projects/rrm/alto/public/Alto-Flight-Academy-logo-2025-2-1.png,/home/nunesrjr/Projects/rrm/alto/public/alto-flight-academy-logo-2025-2-1-alto flight academy-oklahoma-become-a-pilot.png,/Alto-Flight-Academy-logo-2025-2-1.png,/alto-flight-academy-logo-2025-2-1-alto flight academy-oklahoma-become-a-pilot.png,OK
/home/nunesrjr/Projects/rrm/alto/public/Alto-Flight-Academy-logo-2025-2.png,/home/nunesrjr/Projects/rrm/alto/public/alto-flight-academy-logo-2025-2-alto flight academy-oklahoma city-flight-school.png,/Alto-Flight-Academy-logo-2025-2.png,/alto-flight-academy-logo-2025-2-alto flight academy-oklahoma city-flight-school.png,OK
/home/nunesrjr/Projects/rrm/alto/public/Alto-Flight-Academy-logo-2025-symbol.png,/home/nunesrjr/Projects/rrm/alto/public/alto-flight-academy-logo-2025-symbol-alto flight academy-oklahoma city-discovery-flight.png,/Alto-Flight-Academy-logo-2025-symbol.png,/alto-flight-academy-logo-2025-symbol-alto flight academy-oklahoma city-discovery-flight.png,OK
/home/nunesrjr/Projects/rrm/alto/public/Alto-OG-image.png,/home/nunesrjr/Projects/rrm/alto/public/alto-og-image-alto flight academy-oklahoma city-commercial-pilot.png,/Alto-OG-image.png,/alto-og-image-alto flight academy-oklahoma city-commercial-pilot.png,OK
/home/nunesrjr/Projects/rrm/alto/public/blog/Lake-texoma.webp,/home/nunesrjr/Projects/rrm/alto/public/blog/lake-texoma-alto flight academy-oklahoma city-certified-flight-instructor.webp,/blog/Lake-texoma.webp,/blog/lake-texoma-alto flight academy-oklahoma city-certified-flight-instructor.webp,OK
/home/nunesrjr/Projects/rrm/alto/public/blog/Sailing_Lake_Hefner_1.webp,/home/nunesrjr/Projects/rrm/alto/public/blog/sailing_lake_hefner_1-alto flight academy-oklahoma city-commercial-pilot.webp,/blog/Sailing_Lake_Hefner_1.webp,/blog/sailing_lake_hefner_1-alto flight academy-oklahoma city-commercial-pilot.webp,OK
/home/nunesrjr/Projects/rrm/alto/public/blog/Skyline_oklahoma_city_1.webp,/home/nunesrjr/Projects/rrm/alto/public/blog/skyline_oklahoma_city_1-alto flight academy-oklahoma city-private-pilot.webp,/blog/Skyline_oklahoma_city_1.webp,/blog/skyline_oklahoma_city_1-alto flight academy-oklahoma city-private-pilot.webp,OK
/home/nunesrjr/Projects/rrm/alto/public/blog/tamas-szedlak-8_bgXi-MmH8-unsplash.webp,/home/nunesrjr/Projects/rrm/alto/public/blog/tamas-szedlak-8_bgxi-mmh8-unsplash-alto flight academy-oklahoma city-become-a-pilot.webp,/blog/tamas-szedlak-8_bgXi-MmH8-unsplash.webp,/blog/tamas-szedlak-8_bgxi-mmh8-unsplash-alto flight academy-oklahoma city-become-a-pilot.webp,OK
/home/nunesrjr/Projects/rrm/alto/public/blog/wichita-mountains-byway-road-traveling-up-mount-scott-fd890b.webp,/home/nunesrjr/Projects/rrm/alto/public/blog/wichita-mountains-byway-road-traveling-up-mount-scott-fd890b-alto flight academy-oklahoma city-flight-training.webp,/blog/wichita-mountains-byway-road-traveling-up-mount-scott-fd890b.webp,/blog/wichita-mountains-byway-road-traveling-up-mount-scott-fd890b-alto flight academy-oklahoma city-flight-training.webp,OK